INSERT INTO `subscription_plans` (`subscription_id`,`subscription_name`,`plan_type`,`subscription_type`,`total_cost`,`actual_cost`,`sgst`,`cgst`,`creation_date`,`modified_date`,`ftotal_cost`,`fcgst`,`fsgst`,`factual_cost`,`razorpay_planid`) VALUES (1,'Trial','CUSTOM','PUBLIC',0,0,0,0,'2021-01-03 12:57:43','2021-01-25 14:24:29',0,0,0,0,NULL);
INSERT INTO `subscription_plans` (`subscription_id`,`subscription_name`,`plan_type`,`subscription_type`,`total_cost`,`actual_cost`,`sgst`,`cgst`,`creation_date`,`modified_date`,`ftotal_cost`,`fcgst`,`fsgst`,`factual_cost`,`razorpay_planid`) VALUES (2,'Premium','MONTHLY','PUBLIC',999,819.18,89.91,89.91,'2021-01-03 12:58:08','2021-02-08 18:37:10',999,89.91,89.91,819.18,'plan_GZBB70M3j2F5TN');
INSERT INTO `subscription_plans` (`subscription_id`,`subscription_name`,`plan_type`,`subscription_type`,`total_cost`,`actual_cost`,`sgst`,`cgst`,`creation_date`,`modified_date`,`ftotal_cost`,`fcgst`,`fsgst`,`factual_cost`,`razorpay_planid`) VALUES (3,'Gold','MONTHLY','PUBLIC',2999,2459.18,269.91,269.91,'2021-01-03 12:58:40','2021-02-08 18:37:27',2999,269.91,269.91,2459.18,'plan_GZBBunqR4bSJgV');
INSERT INTO `subscription_plans` (`subscription_id`,`subscription_name`,`plan_type`,`subscription_type`,`total_cost`,`actual_cost`,`sgst`,`cgst`,`creation_date`,`modified_date`,`ftotal_cost`,`fcgst`,`fsgst`,`factual_cost`,`razorpay_planid`) VALUES (4,'Enterprise1 Custom','MONTHLY','PUBLIC',2999,2459.18,269.91,269.91,'2021-01-26 18:20:58','2021-01-28 18:19:38',0,0,0,0,'plan_GUp6OVI9ehNHpQ');
INSERT INTO `subscription_plans` (`subscription_id`,`subscription_name`,`plan_type`,`subscription_type`,`total_cost`,`actual_cost`,`sgst`,`cgst`,`creation_date`,`modified_date`,`ftotal_cost`,`fcgst`,`fsgst`,`factual_cost`,`razorpay_planid`) VALUES (5,'Enterprise2 Custom','MONTHLY','PUBLIC',2999,2459.18,269.91,269.91,'2021-04-26 14:37:56','2021-04-26 14:37:56',0,0,0,0,'plan_H3aLEpIBHTWxJD');
INSERT INTO `subscription_plans` (`subscription_id`,`subscription_name`,`plan_type`,`subscription_type`,`total_cost`,`actual_cost`,`sgst`,`cgst`,`creation_date`,`modified_date`,`ftotal_cost`,`fcgst`,`fsgst`,`factual_cost`,`razorpay_planid`) VALUES (6,'Enterprise3 Custom','MONTHLY','PRIVATE',2999,2459.18,269.91,269.91,'2021-04-26 14:39:12','2021-04-26 14:39:12',0,0,0,0,'plan_H3aMaaoLdMQcFJ');
INSERT INTO `subscription_features` (`subscription_feature_id`,`feature_name`,`feature_count`,`creation_date`,`modified_date`) VALUES (1,'QUIZ',1,'2021-01-04 19:49:05','2021-04-26 13:57:17');
INSERT INTO `subscription_features` (`subscription_feature_id`,`feature_name`,`feature_count`,`creation_date`,`modified_date`) VALUES (2,'PARTICIPANTS',12,'2021-01-04 19:49:26','2021-04-26 13:57:17');
INSERT INTO `subscription_features` (`subscription_feature_id`,`feature_name`,`feature_count`,`creation_date`,`modified_date`) VALUES (3,'QUESTIONS',12,'2021-01-04 19:49:56','2021-04-25 08:32:21');
INSERT INTO `subscription_features` (`subscription_feature_id`,`feature_name`,`feature_count`,`creation_date`,`modified_date`) VALUES (4,'QUIZ',3,'2021-01-04 19:50:37','2021-01-04 19:50:37');
INSERT INTO `subscription_features` (`subscription_feature_id`,`feature_name`,`feature_count`,`creation_date`,`modified_date`) VALUES (5,'PARTICIPANTS',25,'2021-01-04 19:50:58','2021-01-04 19:50:58');
INSERT INTO `subscription_features` (`subscription_feature_id`,`feature_name`,`feature_count`,`creation_date`,`modified_date`) VALUES (6,'QUESTIONS',999999,'2021-01-04 19:58:17','2021-01-04 19:59:52');
INSERT INTO `subscription_features` (`subscription_feature_id`,`feature_name`,`feature_count`,`creation_date`,`modified_date`) VALUES (7,'QUIZ',10,'2021-01-04 20:01:44','2021-01-04 20:01:44');
INSERT INTO `subscription_features` (`subscription_feature_id`,`feature_name`,`feature_count`,`creation_date`,`modified_date`) VALUES (8,'PARTICIPANTS',100,'2021-01-04 20:02:17','2021-01-04 20:02:17');
INSERT INTO `subscription_features` (`subscription_feature_id`,`feature_name`,`feature_count`,`creation_date`,`modified_date`) VALUES (9,'PARTICIPANTS',100,'2021-01-26 18:20:58','2021-01-26 18:20:58');
INSERT INTO `subscription_features` (`subscription_feature_id`,`feature_name`,`feature_count`,`creation_date`,`modified_date`) VALUES (10,'QUIZ',24,'2021-01-26 18:20:58','2021-01-26 18:20:58');
INSERT INTO `subscription_features` (`subscription_feature_id`,`feature_name`,`feature_count`,`creation_date`,`modified_date`) VALUES (11,'QUESTIONS',15,'2021-01-26 18:20:58','2021-01-26 18:20:58');
INSERT INTO `subscription_features` (`subscription_feature_id`,`feature_name`,`feature_count`,`creation_date`,`modified_date`) VALUES (12,'PARTICIPANTS',100,'2021-03-09 08:22:49','2021-03-09 08:22:49');
INSERT INTO `subscription_features` (`subscription_feature_id`,`feature_name`,`feature_count`,`creation_date`,`modified_date`) VALUES (13,'PARTICIPANTS',100,'2021-03-16 05:38:30','2021-03-16 05:38:30');
INSERT INTO `subscription_features` (`subscription_feature_id`,`feature_name`,`feature_count`,`creation_date`,`modified_date`) VALUES (14,'PARTICIPANTS',100,'2021-04-26 14:37:56','2021-04-26 14:37:56');
INSERT INTO `subscription_features` (`subscription_feature_id`,`feature_name`,`feature_count`,`creation_date`,`modified_date`) VALUES (15,'QUIZ',24,'2021-04-26 14:37:56','2021-04-26 14:37:56');
INSERT INTO `subscription_features` (`subscription_feature_id`,`feature_name`,`feature_count`,`creation_date`,`modified_date`) VALUES (16,'QUESTIONS',15,'2021-04-26 14:37:56','2021-04-26 14:37:56');
INSERT INTO `subscription_features` (`subscription_feature_id`,`feature_name`,`feature_count`,`creation_date`,`modified_date`) VALUES (17,'PARTICIPANTS',100,'2021-04-26 14:39:13','2021-04-26 14:39:13');
INSERT INTO `subscription_features` (`subscription_feature_id`,`feature_name`,`feature_count`,`creation_date`,`modified_date`) VALUES (18,'QUIZ',24,'2021-04-26 14:39:13','2021-04-26 14:39:13');
INSERT INTO `subscription_features` (`subscription_feature_id`,`feature_name`,`feature_count`,`creation_date`,`modified_date`) VALUES (19,'QUESTIONS',15,'2021-04-26 14:39:13','2021-04-26 14:39:13');
INSERT INTO `subscription_plan_feature_mapping` (`mapping_id`,`subscription_id`,`subscription_feature_id`,`creation_date`,`modified_date`) VALUES (1,1,1,'2021-01-04 20:57:34','2021-01-04 20:57:34');
INSERT INTO `subscription_plan_feature_mapping` (`mapping_id`,`subscription_id`,`subscription_feature_id`,`creation_date`,`modified_date`) VALUES (2,1,2,'2021-01-04 20:57:41','2021-01-04 20:57:41');
INSERT INTO `subscription_plan_feature_mapping` (`mapping_id`,`subscription_id`,`subscription_feature_id`,`creation_date`,`modified_date`) VALUES (3,1,3,'2021-01-04 20:57:44','2021-01-04 20:57:44');
INSERT INTO `subscription_plan_feature_mapping` (`mapping_id`,`subscription_id`,`subscription_feature_id`,`creation_date`,`modified_date`) VALUES (4,2,4,'2021-01-04 20:59:24','2021-01-04 20:59:24');
INSERT INTO `subscription_plan_feature_mapping` (`mapping_id`,`subscription_id`,`subscription_feature_id`,`creation_date`,`modified_date`) VALUES (5,2,5,'2021-01-04 20:59:28','2021-01-04 20:59:28');
INSERT INTO `subscription_plan_feature_mapping` (`mapping_id`,`subscription_id`,`subscription_feature_id`,`creation_date`,`modified_date`) VALUES (6,2,6,'2021-01-04 20:59:34','2021-01-04 20:59:34');
INSERT INTO `subscription_plan_feature_mapping` (`mapping_id`,`subscription_id`,`subscription_feature_id`,`creation_date`,`modified_date`) VALUES (7,3,7,'2021-01-04 20:59:50','2021-01-04 20:59:50');
INSERT INTO `subscription_plan_feature_mapping` (`mapping_id`,`subscription_id`,`subscription_feature_id`,`creation_date`,`modified_date`) VALUES (8,3,8,'2021-01-04 20:59:54','2021-01-04 20:59:54');
INSERT INTO `subscription_plan_feature_mapping` (`mapping_id`,`subscription_id`,`subscription_feature_id`,`creation_date`,`modified_date`) VALUES (9,3,6,'2021-01-04 21:00:02','2021-01-04 21:00:02');
INSERT INTO `subscription_plan_feature_mapping` (`mapping_id`,`subscription_id`,`subscription_feature_id`,`creation_date`,`modified_date`) VALUES (10,4,9,'2021-01-26 18:20:58','2021-01-26 18:20:58');
INSERT INTO `subscription_plan_feature_mapping` (`mapping_id`,`subscription_id`,`subscription_feature_id`,`creation_date`,`modified_date`) VALUES (11,4,10,'2021-01-26 18:20:58','2021-01-26 18:20:58');
INSERT INTO `subscription_plan_feature_mapping` (`mapping_id`,`subscription_id`,`subscription_feature_id`,`creation_date`,`modified_date`) VALUES (12,4,11,'2021-01-26 18:20:58','2021-01-26 18:20:58');
INSERT INTO `subscription_plan_feature_mapping` (`mapping_id`,`subscription_id`,`subscription_feature_id`,`creation_date`,`modified_date`) VALUES (13,5,14,'2021-04-26 14:37:56','2021-04-26 14:37:56');
INSERT INTO `subscription_plan_feature_mapping` (`mapping_id`,`subscription_id`,`subscription_feature_id`,`creation_date`,`modified_date`) VALUES (14,5,15,'2021-04-26 14:37:56','2021-04-26 14:37:56');
INSERT INTO `subscription_plan_feature_mapping` (`mapping_id`,`subscription_id`,`subscription_feature_id`,`creation_date`,`modified_date`) VALUES (15,5,16,'2021-04-26 14:37:56','2021-04-26 14:37:56');
INSERT INTO `subscription_plan_feature_mapping` (`mapping_id`,`subscription_id`,`subscription_feature_id`,`creation_date`,`modified_date`) VALUES (16,6,17,'2021-04-26 14:39:13','2021-04-26 14:39:13');
INSERT INTO `subscription_plan_feature_mapping` (`mapping_id`,`subscription_id`,`subscription_feature_id`,`creation_date`,`modified_date`) VALUES (17,6,18,'2021-04-26 14:39:13','2021-04-26 14:39:13');
INSERT INTO `subscription_plan_feature_mapping` (`mapping_id`,`subscription_id`,`subscription_feature_id`,`creation_date`,`modified_date`) VALUES (18,6,19,'2021-04-26 14:39:13','2021-04-26 14:39:13');
